,String code,English,French,Arabic,Bulgarian,Chinese,Chinese (Simplified),Czech,Dutch,Estonian,German,Greek,Hungarian,Icelandic,Indonesian,Italian,Japanese,Korean,Latvian,Lithuanian,Polish,Portuguese,Portuguese (Brazilian),Russian,Slovak,Spanish,Thai,Turkish,Ukrainian,Vietnamese
Language code (ISO 639-1),%lang-code,en,fr,ar,bg,zh,zh-Hans,cs,nl,et,de,el,hu,is,id,it,ja,ko,lv,lt,pl,pt,pt-BR,ru,sk,es,th,tr,uk,vi
Language code (ISO 639-2/T),%lang-code-iso-639-2,eng,fra,ara,bul,zho,zho-Hans,cze,nld,est,deu,ell,hun,isl,ind,ita,jpn,kor,lav,lit,pol,por,por-BR,rus,slk,spa,tha,tur,ukr,vie
Language direction,%lang-dir,ltr,ltr,rtl,ltr,ltr,ltr,ltr,ltr,ltr,ltr,ltr,ltr,ltr,ltr,ltr,ltr,ltr,ltr,ltr,ltr,ltr,ltr,ltr,ltr,ltr,ltr,ltr,ltr,ltr
Language name (English),%lang-eng,English,French,Arabic,Bulgarian,Chinese,Chinese (Simplified),Czech,Dutch,Estonian,German,Greek,Hungarian,Icelandic,Indonesian,Italian,Japanese,Korean,Latvian,Lithuanian,Polish,Portuguese,Portuguese (Brazilian),Russian,Slovak,Spanish,Thai,Turkish,Ukrainian,Vietnamese
Language name (French),%lang-fra,anglais,français,arabe,bulgare,chinois,chinois (simplifié),tchèque,néerlandais,estonien,allemand,grec,hongrois,islandais,indonésien,italien,japonais,coréen,letton,lituanien,polonais,portugais,portugais (brésilien),russe,slovaque,espagnol,thaï,turc,ukrainien,vietnamien
Language name (native),%lang-native,English,Français,العربية,български език,繁體字,繁体字,čeština,Nederlands,eesti keel,Deutsch,ελληνικά,magyar,íslenska,Bahasa Indonesia,Italiano,日本語,한국어,latviešu valoda,lietuvių kalba,język polski,português,português do Brasil,русский язык,slovenčina,español,ภาษาไทย,Türkçe,Українська мова,tiếng Việt
General (i18n),%all,All,Tous,,,全部,全部,,Allen,Kõik,,,Mind,,Semua,,すべて,,Visi,Visi,Wszystko,Todos,,Все,,Todo,,Tüm,Все,
,%home,Home,Accueil,,,首頁,首页,,Home,Kodu,,,Honlap,,Halaman Awal,,ホーム,,Sākums,Pradžia,Strona główna,Página inicial,,На главную,,Página de inicio,,Ev,Додому,
,%main-page,Main page,Page principale,,,,,,,,,,,,,,,,,,,,,,,Página principal,,,,
,%top-of-page,Top of page,Haut de la page,,,頁首,页首,,Bovenkant pagina,Lehekülje algusesse,,,Oldal teteje,,Halaman Atas,,ページの先頭,,Lapas augša,Puslapio viršus,Góra strony,Início da Página,,Наверх,,Arriba,,Sayfa Başı,Вверх сторінки,
,%you-are-in,You are in:,Vous êtes dans :,,,你目前在,您在：,,U bent hier:,Te olete,,,Ön itt van:,,Anda berada di:,,現在位置は：,,Jūs esat:,Esate,Jesteś w:,Você está no/a:,,Вы находитесь в:,,Usted está en:,,Şuradasınız:,Ви на/в,
,%welcome-to,Welcome to:,Bienvenue à :,,,歡迎,欢迎到：,,Welkom bij:,Tere tulemast,,,Üdvözöljük,,Selamat datang di,,xxx へようこそ,,Laipni lūgti:,Sveiki atvykę į,Witamy,Bem-vindo/a:,,Добро пожаловать в:,,Bienvenido a:,,Hoşgeldiniz,Вітаємо на/в,
,%loading,loading...,chargement...,,,載入中..,连接中……,,aan het laden..,laeb...,,,Betöltés,,Sedang memuat …,,ロード中･･･,,,Kraunasi,ładowanie…,carregando…,,Загрузка…,,cargando…,,yükleniyor…,завантажується,
,%processing,processing...,traitement...,,,,,,,,,,,,,,,,,,,,,,,tratamiento...,,,,
,%search,Search,Recherche,,,搜尋,搜索,,Zoek,Otsi,,,Keresés,,Cari,,検索,,Meklēt,Paieška,Szukaj,Buscar,,Поиск,,Búsqueda,,Ara,Пошук,
,%search-for-terms,Search for term(s):,Recherche de terme(s) :,,,搜尋項目,搜索短语,,Zoekwoord(en):,Otsi väjendit,,,Keresett kifejezés,,Cari istilah,,検索キーワード：,,Meklēt terminu,Termino (-ų) paieška,Szukaj frazy,Buscar por termo(s):,,Поиск терминов:,,Buscar por palabra(s):,,Terim(leri) ara:,Шукати (за) визначення(м),
,%no-match-found,No match found,Aucune correspondance trouvée,,,找不到合適項目,无匹配结果,,Er zijn geen resultaten met deze zoekterm(en),Vastet ei leitud,,,Nincs találat,,Tidak ditemukan kecocokan,,検索条件に一致する情報が見つかりません。,,Atbilstība nav atrasta,Atitikmenų nerasta,Nie znaleziono odpowiedników,Nenhuma correspondência encontrada,,Соответствий не найдено,,0 resultados encontrados,,Eşleşme bulunamadı,Нічого не знайдено,
,%matches-found,[MIXIN] match(es) found,[MIXIN] correspondance(s) trouvées,,,找到[MIXIN]項目,找到[MIXIN]项目,,[MIXIN] gevonden zoekresultaten,[MIXIN] vaste leitud,,,[MIXIN] találat,,Ditemukan [MIXIN] kecocokan,,検索結果： [MIXIN] 件,,[MIXIN] atbilstība(s) nav atrasta(s),[MIXIN] atitikmuo (-enys) rasti,Znaleziono [MIXIN] odpowiedników,[MIXIN] Encontrada(s) correspondência(s),,[MIXIN]Соответствий найдено,,[MIXIN] resultado(s) encontrados,,[MIXIN] eşleşme bulundu,[MIXIN] знайдено,
,%menu,Menu,Menu,,,選單,菜单,,Menu,Menüü,,,Menü,,Menu,,メニュー,,Izvēlne,Meniu,Menu,Menu,,Меню,,Menú,,Menü,Меню,
,%settings,Settings,Paramètres,,,,,,,,,,,,,,,,,,,,,,,Configuraciones,,,,
,%languages,Languages,Langues,,,,,,,,,,,,,,,,,,,,,,,Idiomas,,,,
,%about,About,À propos,,,,,,,,,,,,,,,,,,,,,,,A propуsito,,,,
,%current,(current),(actuel),,,,,,,,,,,,,,,,,,,,,,,(corriente),,,,
,%hide,Hide,Masquer,,,隱藏,隐藏,,Verberg,Peida,,,Elrejtés,,Sembunyikan,,非表示,,Slēpt,Slėpti,Ukryj,Ocultar,,Скрыть,,Ocultar,,Sakla,Сховати,
,%error,Error,Erreur,,,錯誤,错误,,Fout,Viga,,,Hiba,,Error,,エラー,,Kļūda,Klaida,Błąd,Erro,,Ошибка,,Error,,Hata,Помилка,
,%colon,:,:,,,,：,,:,:,,,:,,:,,:,,:,:,:,:,,:,,:,,:,:,
,%start,Start,Lancer,,,開始,开始,,Start,Alusta,,,Indítás,,Mulai,,開始,,Sākt,Pradėti,Start,Iniciar,,Начать,,Iniciar,,Başla,Старт,
,%stop,Stop,Arrêter,,,停止,停止,,Stop,Lõpeta,,,Leállítás,,Stop,,終了,,Pārtraukt,Sustoti,Zatrzymaj,Parar,,Стоп,,Detener,,Bitir,Стоп,
,%back,Back,Précédent,,,返回,返回,,Terug,Tagasi,,,Vissza,,Kembali,,戻る,,Atpakaļ,Atgal,Wstecz,Anterior,,Назад,,Volver,,Geri,Повернутися,
,%new-window,(Opens in a new window),(Ouvre dans une nouvelle fenêtre),,,用新視窗開的,以新窗口打开,,(Opent in een nieuw venster),(avaneb uues aknas),,,(Megnyitás új ablakban),,(Akan terbuka di jendela yang baru),,（新しいウィンドウで開く）,,(atveras jaunā logā),(atsidaro naujas puslapis),(Otwiera się w nowym oknie),(Abre em uma nova janela),,(Откроется в новом окне),,(Abre en una nueva ventana),,(Yeni pencerede açılır),(відкриється у новому вікні),
,%minute-ago,a minute ago,il y a une minute,,,一分鐘前,一分钟前,,Een minuut geleden,minut tagasi,,,egy perce,,Satu menit yang lalu,,1分前,,pirms minūtes,Prieš minutę,minutę temu,há um minuto,,минуту назад,,hace un minuto,,bir dakika önce,хвилину тому,
,%couple-of-minutes,couple of minutes ago,il y a quelques minutes,,,數分鐘前,一两分钟前,,Enkele minuten geleden,mõned minutid tagasi,,,pár perce,,Beberapa menit yang lalu,,数分前,,pirms dažām minūtēm,Prieš kelias minutes,kilka minut temu,há dois minutos,,пару минут назад,,hace algunos minutos,,birkaç dakika önce,декілька хвилин тому,
,%minutes-ago,[MIXIN] minutes ago,il y a [MIXIN] minutes,,,[MIXIN]分鐘前,[MIXIN]数分钟前,,[MIXIN] minuten geleden,[MIXIN] minutit tagasi,,,[MIXIN] perccel ezelőtt,,[MIXIN] menit yang lalu,,[MIXIN] 分前,,pirms [MIXIN] minūtēm,Prieš [MIXIN] minutes,[MIXIN] minut temu,há [MIXIN] minutos,,[MIXIN]минут назад,,hace [MIXIN] minutos,,[MIXIN] dakika önce,[MIXIN] хвилин тому,
,%hour-ago,an hour ago,il y a une heure,,,一小時前,一小时前,,een uur geleden,tund aega tagasi,,,egy órával ezelőtt,,Satu jam yang lalu,,1時間前,,pirms stundas,Prieš valandą,godzinę temu,há uma hora,,час назад,,hace una hora,,bir saat önce,годину тому,
,%hours-ago,[MIXIN] hours ago,il y a [MIXIN] heures,,,[MIXIN]數小時前,[MIXIN]数小时前,,[MIXIN] uur geleden,[MIXIN] tundi tagasi,,,[MIXIN] órával ezelőtt,,[MIXIN] jam yang lalu,,[MIXIN] 時間前,,pirms [MIXIN] stundām,Prieš [MIXIN] valandas,[MIXIN] godzin temu,há [MIXIN] horas,,[MIXIN] часов назад,,hace [MIXIN] horas,,[MIXIN] saat önce,[MIXIN] годин тому,
,%days-ago,[MIXIN] days ago,il y a [MIXIN] jours,,,[MIXIN]數天前,[MIXIN]数天前,,[MIXIN] dagen geleden,[MIXIN] päeva tagasi,,,[MIXIN] nappal ezelőtt,,[MIXIN] hari yang lalu,,[MIXIN] 日前,,pirms [MIXIN] dienām,Prieš [MIXIN] dienas,[MIXIN} dni temu,há [MIXIN] dias,,[MIXIN] дней назад,,hacé [MIXIN] días,,[MIXIN] gün önce,[MIXIN] днів тому,
,%yesterday,yesterday,hier,,,昨天,昨天,,gisteren,eile,,,tegnap,,Kemarin,,昨日,,vakar,Vakar,wczoraj,ontem,,вчера,,ayer,,dün,вчора,
,%next,Next,Suivant,,,下一軌,下一个,,Volgende,Järgmine,,,Következő,,Berikutnya,,次へ,,Nākošais,Sekantis,Następny,Próxima,,Следующий,,Siguiente,,Bir sonraki,Наступний,
,%previous,Previous,Précedent,,,上一軌,上一个,,Vorige,Eelmine,,,Előző,,Sebelumnya,,戻る,,Iepriekšējais,Ankstenis,Poprzedni,Anterior,,Предыдущий,,Previo,,Bir önceki,Попередній,
,%first,First,Premier,,,,,,,,,,,,,,,,,,,,,,,Primero,,,,
,%last,Last,Dernier,,,,,,,,,,,,,,,,,,,,,,,Ultimo,,,,
Archived Web page template,%archived-page,This Web page has been archived on the Web.,Cette page Web a été archivée dans le Web.,,,此網頁已經封存,该网页已过期,,Deze pagina is gearchiveerd,See veebileht on arhiveeritud,,,Ezt az oldalt az interneten  archiváltuk.,,Halaman ini telah diarsip di dalam jejaring.,,このページはウェブ上にアーカイブされています。,,Šī mājas lapa ir arhivēta,Šis Web puslapis yra archyvuotas Web\'e.,Ta strona internetowa została zarchiwizowana,Está página foi arquiva na Web.,,Эта веб-страница находится в архиве в Интернете.,,Esta página Web ha estado archivada en el Internet.,,Bu web sitesi web üzerinde arşivlenmiştir.,Цю веб-сторінку було направлено до веб-архіву.,
Menu bar,%sub-menu-help,(open the submenu with the enter key and close with the escape key),(ouvrir le sous-menu avec la touche d\'entrée et le fermer avec la touche d\'échappement),,,"使用""確定""鍵進入次選單&#44; 離開請按Esc鍵",（以输入键打开子菜单，退出键退出）,,(open het submenu via de Enter-toets en sluit het met de Escape-toets),(ava alamenüü sisene klahviga ja sulge escape klahviga),,,(Az almenüt az enter billentyűvel tudja lenyitni&#44; és az escape billentyűvel bezárni.),,"(buka submenu dengan menekan tombol ""enter"" dan tutup dengan menekan tombol ""escape"")",,（サブメニューを開くにはエンターキーを、閉じるにはEscキーを押す。）,,(atvērt apakšizvēlni ar enter taustiņu un aizvērt ar escape taustiņu,"(Atidaryti submeniu su ""enter"" klavišu&#44; o uždaryti su ""escape"" klavišu)",(Dostęp do menu - klawisz Enter; wyjście z menu - klawisz Esc),(abrir o sub-menu com o botão ENTER e fechá-lo com o botão ESC),,(откройте подменю клавишей Ввод&#44; закройте клавишей  Escape),,(Aprete &#34;enter&#34; para abrir el sub-menú y ciérrelo con la tecla &#34;esc&#34;),,(Alt menüyü enter tuşu ile açıp escape tuşu ile kapatınız),(відкрийте підменю клавішею «enter» та закрийте клавішею «escape»),
Tabbed interface,%tab-rotation-disable,Stop tab rotation,Arrêter la rotation d\'onglets,,,停止定格鍵轉動,停止标签旋转,,Stop de rotatie van de tabs,Seiska rotatsioon,,,Tabulálás engedélyezése,,Stop rotasi tab,,タブローテーションを停止,,Pārtraukt rotāciju,Sustabdyti rotaciją,Zatrzymaj przewijanie zakładek,Interromper a rotação das abas,,Остановить ротацию вкладки,,Detener rotación de tabs,,Tab dönüşünü durdur,Остановить вращение вкладке,
,%tab-rotation-enable,Start tab rotation,Lancer la rotation d\'onglets,,,開始定格鍵轉動,开始标签旋转,,Start de rotatie van de tabs,Alusta rotatsiooni,,,Tabulálás kikapcsolása,,Mulai rotasi tab,,タブローテーションを再生,,Sākt rotāciju,Pradėti rotaciją,Rozpocznij przewijanie zakładek,Iniciar a rotação das abas,,Начать ротацию вкладки,,Comenzar rotación de tabs,,Tab dönüşünü başlat,Начать закладку вращения,
,%tab-list,Tab list,Liste des onglets,,,,,,,,,,,,,,,,,,,,,,,Lista de tabs,,,,
,%tab-panel-end,This section has ended. <a href=""#"">Return to the list of links</a> and choose to view another section of content or continue viewing the rest of page.,Ceci marque la fin de cette section. <a href=""#"">Veuillez retourner à la liste des hyperliens</a> et sélectionner une autre section ou continuer de visionner le reste du contenu de cette page Web.,,,,,,,,,,,,,,,,,,,,,,,,,,,
Multimedia player,%play,Play,Jouer,,,播放,播放,,Speel af,Mängi,,,Lejátszás,,Main,,再生,,Spēlēt,Žaisti,Start,Executar,,Проиграть,,Reproducir,,Oynat,Програти,
,%pause,Pause,Pause,,,暫停,暂停,,Pause,Paus,,,Pillanatmegállító,,Jeda,,一時停止,,Pauze,Pauzė,Pauza,Pausar,,Пауза,,Pausa,,Duraklat,Пауза,
,%open,Open,Ouvrir,,,,,,,,,,,,,,,,,,,,,,,Abrir,,,,
,%close,Close,Fermer,,,停止,关闭,,Sluit af,Sulge,,,Bezárás,,Tutup,,閉じる,,Aizvērt,Uždaryti,Zamknij,Fechar,,Закрыть,,Cerrar,,Kapat,Закрити,
,%rewind,Rewind,Reculer,,,倒轉,回放,,Keer terug,Tagasi,,,Vissza,,Putar mundur,,巻き戻し,,Attīt atpakaļ,Atsukti,Przewiń do tyłu,Voltar,,Перемотка,,Retroceder,,Geri sar,На початок,
,%fast-forward,Fast forward,Avancer,,,快轉,快进,,Snel vooruit,Kiirelt edasi,,,Előre,,Putar maju,,早送り,,Ātrā pārtīšana,Sukti į priekį,Szybkie przewijanie,Avançar,,Ускоренная перемотка,,Avance rápido,,Hızlı sar,Швидке перемотування вперед,
,%mute-enable,Mute,Activer le mode muet,,,靜音,静音,,Desactiveer geluid,Vaigista,,,Lenémítás,,Redam suara,,ミュート,,Izslēgt skaņu,Užtylinti,Bez dźwięku,Ativar o modo silencioso,,Отключение звука,,Silenciar,,Sessiz,Відк. Звук,
,%mute-disable,Unmute,Désactiver le mode muet,,,無靜音,打开声音,,Activeer geluid,heli tagasi,,,Hang bekapcsolása,,Aktifkan kembali suara,,ミュート解除,,Ieslēgt skaņu,Įjungti garsą,Przywróć dźwięk,Desativar o modo silencioso,,Включить звук,,Habilitar sonido,,Sesi aç,Вкл. Звук,
,%closed-caption-disable,Hide Closed captioning,Masquer le sous-titrage,,,隱藏字幕,隐藏字幕,,Verberg ondertiteling,Peida subtiitrid,,,Feliratok kikapcsolása,,Sembunyikan caption,,クローズドキャプションを無効にする,,Slēpt subtitrus,Slėpti didžiųjų raidžių įjungimą,Ukryj podpisy,Ocultar a legenda,,Скрыть Субтитры,,Ocultar subtítulos,,Kapalı eklentileri gizle,Сховати субтитри,
,%closed-caption-enable,Show Closed captioning,Afficher le sous-titrage,,,顯示字幕,打开字幕,,Toon ondertiteling,Näita subtiitreid,,,Feliratozás bekapcsolása,,Tampilkan caption,,クローズドキャプションを有効にする,,Rādīt subtitrus,Rodyti didžiųjų raidžių įjungimą,Pokaż podpisy,Mostrar a legenda,,Показать Субтитры,,Mostrar subtítulos,,Kapalı eklentileri göster,Показати субтитри,
,%closed-caption-error,Error loading closed captions,Erreur dans le chargement des sous-titres,,,載入字幕錯誤,加载字母错误,,Fout bij het tonen van de ondertiteling,Viga subtiitrite avamisel,,,Hiba a felirat betöltése közben,,Error memuat caption,,クローズドキャプションを実行できませんでした。,,Kļūda lejuplādējot subtitrus,Klaida kraunant didžiųjų raidžių įjungimą,Błąd w ładowaniu podpisów,Ocorreu um erro no carregamento da legenda,,Ошибка загрузки субтитров,,Error al cargar subtítulos,,Kapalı eklenti yükleme hatası,Включити деталі аудіо,
,%audio-description-enable,Enable audio description,Activer l\'audiodescription,,,使用音訊說明,使用音频描述,,Activeer audio-beschrijving,Luba audio kirjeldus,,,Narráció bekapcsolása,,Fungsikan desktripsi audio,,音声ガイドを有効にする,,Ieslēgt audio aprakstu,Aktyvuoti audio aprašą,Włącz informacje audio,Ativar a descrição de áudio,,Включить описание аудио,,Habilitar audio descripción,,Sesli açıklama açık,Відключити деталі аудіо,
,%audio-description-disable,Disable audio description,Désactiver l\'audiodescription,,,取消音訊說明,停止音频描述,,Desactiveer audio-beschrijving,Sulge audio kirjeldus,,,Narráció kikapcsolása,,Disfungsikan deskripsi audio,,音声ガイドを無効にする,,Izslēgt audio aprakstu,Išjungti audio aprašą,Wyłącz informacje audio,Desativar a descrição de áudio,,Отключить Описание аудио,,Eliminar descripción de audio,,Sesli açıklama kapalı,Відключити аудіо деталі,
,%progress-bar,use LEFT ARROW and RIGHT ARROW keys to advance and rewind the media\'s progress,utilisez les touches GAUCHE ou DROITE pour avancer ou reculer le progrès des médias,,,使用左或右箭頭鍵來前走&#44; 倒退視&#44;音訊資料,使用左和右箭头前进和后退,,gebruik LINKSE en RECHTSE pijlen om verder te gaan of terug te keren,Kasuta vasakut nooleklahvi ja paremat nooleklahvi edasi ja tagasi liikumiseks,,,A jobb vagy a bal nyíllal tud előre vagy hátra lépni a lejátszásban,,Gunakan tombol PANAH KIRI dan PANAH KANAN untuk memutar maju atau memutar mundur jalannya media.,,左矢印キーで戻る／右矢印キーで進む,,Lietot taustiņus KREISĀ BULTA un LABĀ bultiņa&#44; lai patītu uz priekšu vai atgrieztos,Naudokite KAIRĖS ir DEŠINĖS RODYKLĖS klavišus  pagreitinti arba atsukti,Przewijanie do przodu - PRAWA STRZALKA&#44; przewijanie do tyłu - LEWA STRZALKA,Usar os botões das setas ESQUERDA e DIREITA para voltar ou avançar a execução das mídias,,использовать клавиши ВЛЕВО и ВПРАВО для передвижения вперед и перемотки,,Usar las teclas de flechas IZQUIERDA y DERECHA para avanzar o retroceder la presentación multimedia,,SAĞ OK ve SOL OK tuşlarını kullanarak medyayı ileri ya da geri sarınız,використовуйте клавіші лівої та правої стрілок для перемотування вперед або назад,
,%no-video,Your browser does not appear to have the capabilities to play this video&#44; please download the video below,Votre navigateur ne semble pas avoir les capacité nécessaires pour lire cette vidéo&#44; s\'il vous plaît télécharger la vidéo ci-dessous,,,你的瀏覽器並不支援播放此視訊,您的浏览器无法播放该视频，请下载。,,Uw browser is blijkbaar niet in staat om deze video af te spelen; gelieve de video hieronder af te spelen,Sinu brauser ei võimalda mängida seda videot&#44; palun lae video alla,,,Az ön böngészője valószínűleg nem alkalmas a lejátszásra. Kérem&#44; töltse le a videót itt:,,Browser Anda nampaknya tidak memungkinkan untuk memutar video ini&#44; harap mengunduh video di bawah ini,,ご利用のブラウザではこの動画を再生できません。以下の動画をダウンロードしてください。,,Jūsu tīmekļa pārlūks nespēj parādīt šo video&#44; lūdzu lejuplādejiet  video lejāk,Jūsų naršyklė neturi galimybių paleisti šio video&#44; prašome atsisiųsti žemiau esantį  video,Aktualna wersja przeglądarki nie pozwala na odtworzenie tego pliku video&#44; można go ściągnąć klikając poniżej,Seu navegador não parece ter capacidade para reproduzir este vídeo. Favor baixar o vídeo abaixo.,,Ваш браузер не поддерживает воспроизведение этого видео&#44; пожалуйста&#44; скачайте видео ниже,,Su browser no es compatible con este video&#44; por favor descargue el video que aparece abajo,,Tarayıcınız bu videoyu oynatma kapasitesine sahip değil&#44; lütfen videoyu aşağıdan indiriniz,Можливо ваш браузер не може програти це відео&#44; будь ласка&#44; завантажте відео нижче,
,%position,Current position:,Position actuelle :,,,目前位置,现在位置,,Huidige positie:,Hetke asukoht,,,Jelenlegi pozíció:,,Posisi saat ini,,現在位置：,,Šobdrīdējā pozīcija:,Esama pozicija:,Aktualna pozycja:,Posição atual:,,Текущая позиция:,,Posición actual:,,Geçerli pozisyon:,Поточне положення:,
,%percentage,Playback percentage:,Pourcentage de lecture :,,,,,,,,,,,,,,,,,,,,,,,Porcentaje de playback:,,,,
,%duration,Total time:,Temps total :,,,所有時間,总时间,,Totaaltijd:,Kogu kestvus:,,,Összidő:,,Total waktu,,総時間：,,Kopējais laiks:,Visas laikas:,Czas całkowity:,Tempo total:,,Общее время:,,Tiempo total:,,Toplam zaman:,Загальний час:,
,%buffered,Buffered:,Mis en mémoire-tampon :,,,緩衝中,缓冲,,Gebufferd:,Puhverdatud,,,Pufferelt:,,Terbuffer,,バッファリングの進行状況：,,Īslaicīgā atmiņā:,Užkrautas:,Zachowane w pamięci:,Armazenado em área de memória temporária,,Buffered:,,Almacenado en memoria intermedia:,,Arabelleklenen:,Завантажено у буфер обміну:,
Share widget,%favourite,Favourite,Lien préféré,,,最愛,喜爱,,Favoriet,Lemmik,,,Kedvencek,,Favorit,,お気に入り,,Vēlamā saite,Mėgstamas,Ulubione,Favoritos,,Фавориты,,Favorito,,Favori,Улюблене,
,%email,Email,Courriel,,,電子郵件,电釉,,E-mail,E-post,,,Email,,Email,,Eメール,,e-pasts,El. paštas,Email,Correio eletrônico,,E-mail,,Correo electrónico,,E-posta,Електронна пошта,
,%share-text,Share this page,Partagez cette page,,,分享此頁,分享该页面,,Deel deze pagina met anderen,Jaga seda lehekülge,,,Oldal megosztása,,Bagi halaman ini,,このページを共有する,,Ieteikt šo lapu,Dalintis,Prześlij tę stronę,Compartilhar esta página,,Поделиться ссылкой на страницу,,Compartir esta página,,Bu sayfayı paylaş,Поділитися цією сторінкою,
,%share-hint,with {s},avec {s},,,使用時 {s},使用时 {s},,met {s},koos {s},,,a {s},,dengan {s},,{s}との,,ar {s},su {s},z {s},com {s},,с {s},,con {s},,ile {s},з {s},
,%share-email-subject,Interesting page,Page qui est intéressante,,,有興趣網頁,有趣的页面,,Interessante pagina,Huvitav lehekülg,,,Érdekes oldal,,Halaman menarik,,注目のページ,,Interesanta lapa,Įdomus puslapis,Interesująca strona,Página interessante,,Интересные страницы,,Página de interés,,İlginç sayfa,Цікава сторінка,
,%share-email-body,I thought you might find this page interesting:\n{t} ({u}),J\'espère que cette page vous intéresse :\n{t} ({u}),,,我想你對此網頁可能有興趣\n{t}{u},我认为您也许觉得这个页面不错\n{t}{u},,Ik meende dat u deze pagina wellicht interessant vond:\n{t} ({u}),Ma arvasin&#44; et sa leiad selle lehekülje huvitava olevat:\n{t} ({u}),,,Arra gondoltam&#44; ez az oldal érdekes lehet az ön számára:\n{t} ({u}),,Kami harap halaman ini menarik buat Anda:\n{t} ({u}),,おすすめのページ：\n{t} ({u}),,Šī lapa var jūs interesēt:\n{t} ({u}),Manau&#44; kad Jums patiks šis puslapis:\n{t} ({u}),Wydaje mi się że ta strona może cię zainteresować:\n{t} ({u}),Espero que esta página seja do seu interesse:\n{t} ({u}),,Надеюсь&#44; эта страница покажется вам интересной:,,Pienso que encontrarás interesante esta página:\n{t} ({u}),,Bu sayfayı ilginç bulacağını düşünüyorum:,Гадаємо&#44; що ви зацікавитеся цією сторінкою:,
,%share-fav-title,(bookmark this page),(ajouter cette page à vos signets),,,,,,,,,,,,,,,,,,,,,,,(colocar esta página como bookmark),,,,
,%share-manual,Please close this dialog and press Ctrl-D to bookmark this page.,S\'il vous plaît fermer ce dialogue et appuyer sur Ctrl-D pour ajouter cette page à vos signets.,,,關閉對話框&#44; 並用Ctrl-D標記此頁,请关闭对话框，并按Ctrl-D收藏此页面,,Gelieve dit dialoogvenster te sluiten en met Ctrl-D te bookmarken,Palun sule see akne ja vajuta Ctrl-D märgistamaks seda lehekülge,,,Kérem&#44; zárja be ezt az ablakot és a könyvjelzőhöz nyomja meg a Ctrl+D-t.,,Silakan tutup dialog ini dan tekan Ctrl-D untuk menyimpan,,ブックマークに登録するには、このダイアログを閉じて「Ctrl＋D」を押してください。,,Lūdzu aizveriet šo dialogu un spiediet Ctrl+D&#44; lai pievienotu grāmatzīmi,Prašome uždaryti dialogą ir spausti  Ctrl-D pažymėti puslapį,Proszę zamknąć to okienko i nacisnąć Ctrl-D aby zaznaczyć te stronę,Favor fechar este diálogo e teclar Ctrl+D para adicionar esta página aos seus favoritos.,,Пожалуйста&#44; закройте это окно и нажмите Ctrl-D чтобы добавить эту страницу.,,Sírvase cerrar esta notificación y presione Ctro-D para marcar esta página.,,Lütfen bu diyaloğu kapatıp Ctrl-D ye basarak sayfayı kaydediniz.,Будь ласка&#44; закрийте це вікно та натисніть Ctrl-D щоб додати цю сторінку.,
,%share-showall,Show all ({n}),Tous montrer ({n}),,,顯示全部{n},展示全部{n},,Toon alle ({n}),Näita kõiki ({n}),,,Mutassa mindet - Mutassa mind a {n}-t,,Tampilkan semua {[n]},,({n})をすべて表示,,Rādīt visu ({n}),Rodyti visus ({n}),Pokaż wszystko ({n}),Mostrar tudo ({n}),,Показать все ({п}),,Mostrar todo ({п}),,Tümünü göster ({n}),Показати все ({п}),
,%share-showall-title,All bookmarking sites,Tout les sites de mise en signet,,,所有書籤網站,所有收藏的页面,,Alle bookmark sites,Kõik märgitud leheküljed,,,Az összes könyvjelzős oldal,,Semua halaman yang disimpan,,ブックマークサイト一覧,,Visas atzīmējamās lapas,Visos žymės,Wszystkie strony w  zakładkach,Todas as páginas salvas nos favoritos,,Все закладки сайтов,,Todos los sitios marcados como bookmark,,Kaydedilmiş tüm sayfalar,Всі додані сайти,
,%share-disclaimer,No endorsement of any products or services is expressed or implied.,Aucun appui n’est accordé&#44; soit de façon expresse ou tacite&#44; à aucun produit ou service.,,,,,,,,,,,,,,,,,,,,,,,No implica la promoción ni recomendación de ningún producto o servicio.,,,,
Form validation,%form-not-submitted,The form could not be submitted because ,Le formulaire n\'a pu être soumis car ,,,本表格不能傳送因為,表格无法提交，因为,,Het formulier kon niet worden verwerkt omdat ,Ankeeti ei saa esitada kuna ,,,Az adatokat nem lehet elküldeni mert ,,Formulir tidak terkirim karena ,,フォームを送信できませんでした。原因：,,Formu nav iespējams iesniegt&#44; jo ,Formos pateikti negalima&#44; nes ,Nie można było wysłać formularza&#44; ponieważ ,O formulário não pode ser submetido porque ,,Формы не могут быть представлены&#44; потому что ,,El formulario no pudo ser enviado debido a ,,Form gönderilemiyor&#44; çünkü ,Неможливо подати форму через те&#44; що ,
,%errors-found, errors were found., erreurs ont été trouvées.,,,內有錯誤,找到错误,, er fouten zijn opgetreden., vead leitud,,, hibák léptek fel.,, error ditemukan,,件のエラーが見つかりました,, tika atrastas kļūdas, rastos klaidos, znaleziono błedy, erros encontrados.,, были обнаружены ошибки.,, errores encontrado.,, hatalar bulundu,знайдено помилки.,
,%error-found, error was found., erreur a été trouvée.,,,出現錯誤,找到错误,, er een fout is opgetreden., viga leitud,,, hiba lépett fel.,, error ditemukan,,件のエラーが見つかりました,, tika atrasta kļūda, rasta klaida, znaleziono błąd, erro encontrado.,, была обнаружена ошибка.,, error encontrado.,, hata bulundu,знайдено помилку.,
Date picker,%datepicker-hide,Hide calendar,Masquer le calendrier,,,隱藏行事曆,隐藏日历,,Verberg de kalender,Peida kalender,,,A naptár elrejtése,,Sembunyikan kalender,,カレンダーを非表示,,Slēpt kalendāru,Slėpti kalendorių,Ukryj kalendarz,Ocultar o calendário,,Скрыть календарь,,Ocultar calendario,,Takvimi gizle,Сховати календар,
,%datepicker-show,Pick a date from a calendar for field:,Sélectionner une date à partir d'un calendrier pour le champ:,,,選擇一個日期,从日历选择一个日期,,Kies een kalenderdatum voor het veld:,Vali kuupäev kalendrist,,,Válasszon egy dátumot a naptárból:,,Pilih satu tanggal pada kalender,,カレンダーから日付を選択：,,Izvēlēties datumu no kalendāra lauka:,Pasirinkti datą iš kalendoriaus:,Proszę wybrać datę z kalendarza:,Selecionar uma data de um calendário para o campo:,,Выберите дату из календаря для поля:,,Escoger una fecha de un calendario para el campo:,,Alan için takvimden bir tarih seçiniz:,Оберіть дату в календарі:,
,%datepicker-selected,Selected,Sélectionné,,,選擇,选中,,Geselecteerd,Valitud,,,Kijelölt,,Sudah dipilih,,選択済み,,Atlasīts,Atrinkta,wybrany,Selecionado,,Выбранный,,Seleccionado,,Seçilmiş,Вибрано,
Calendar,%calendar-weekDayNames-1,Sunday,Dimanche,,,星期天,星期天,,Zondag,Pühapäev,,,Vasárnap,,Minggu,,日曜日,,Pirmdiena,Sekmadienis,Niedziela,Domingo,,Воскресенье,,Domingo,,Pazar,Неділя,
,%calendar-weekDayNames-2,Monday,Lundi,,,星期一,星期一,,Maandag,Esmaspäev,,,Hétfő,,Senin,,月曜日,,Otrdiena,Pirmadienis,Poniedziałek,Segunda-feira,,Понедельник,,Lunes,,Pazartesi,Понеділок,
,%calendar-weekDayNames-3,Tuesday,Mardi,,,星期二,星期二,,Dinsdag,Teisipäev,,,Kedd,,Selasa,,火曜日,,Trešdiena,Antradienis,Wtorek,Terça-feira,,Вторник,,Martes,,Salı,Вівторок,
,%calendar-weekDayNames-4,Wednesday,Mercredi,,,星期三,星期三,,Woensdag,Kolmapäev,,,Szerda,,Rabu,,水曜日,,Ceturtdiena,Trečiadienis,Środa,Quarta-feira,,Среда,,Miércoles,,Çarşamba,Середа,
,%calendar-weekDayNames-5,Thursday,Jeudi,,,星期四,星期四,,Donderdag,Neljapäev,,,Csütörtök,,Kamis,,木曜日,,Piektdiena,Ketvirtadienis,Czwartek,Quinta-feira,,Четверг,,Jueves,,Perşembe,Четвер,
,%calendar-weekDayNames-6,Friday,Vendredi,,,星期五,星期五,,Vrijdag,Reede,,,Péntek&#44,,Jum\'at,,金曜日,,Sestdiena,Penktadienis,Piątek,Sexta-feira,,Пятница,,Viernes,,Cuma,П’ятниця,
,%calendar-weekDayNames-7,Saturday,Samedi,,,星期六,星期六,,Zaterdag,Laupäev,,,Szombat,,Sabtu,,土曜日,,Svētdiena,Šeštadienis,Sobota,Sábado,,Суббота,,Sábado,,Cumartesi,Субота,
,%calendar-monthNames-1,January,Janvier,,,一月,一月,,Januari,Jaanuar,,,Január,,Januari,,1月,,Janvāris,Sausis,Styczeń,Janeiro,,Январь,,Enero,,Ocak,Січень,
,%calendar-monthNames-2,February,Février,,,二月,二月,,Februari,Veebruar,,,Február,,Februari,,2月,,Februāris,Vasaris,Luty,Fevereiro,,Февраль,,Febrero,,Şubat,Лютий,
,%calendar-monthNames-3,March,Mars,,,三月,三月,,Maart,Märts,,,Március,,Maret,,3月,,Marts,Kovas,Marzec,Março,,Март,,Marzo,,Mart,Березень,
,%calendar-monthNames-4,April,Avril,,,四月,四月,,April,Aprill,,,Április,,April,,4月,,Aprīlis,Balandis,Kwiecień,Abril,,Апрель,,Abril,,Nisan,Квітень,
,%calendar-monthNames-5,May,Mai,,,五月,五月,,Mei,Mai,,,Május,,Mei,,5月,,Maijs,Gegužė,Maj,Maio,,Май,,Mayo,,Mayıs,Травень,
,%calendar-monthNames-6,June,Juin,,,六月,六月,,Juni,Juuni,,,Június,,Juni,,6月,,Jūnijs,Birželis,Czerwiec,Junho,,Июнь,,Junio,,Haziran,Червень,
,%calendar-monthNames-7,July,Juillet,,,七月,七月,,Juli,Juuli,,,Július,,Juli,,7月,,Jūlijs,Liepa,Lipiec,Julho,,Июль,,Julio,,Temmuz,Липень,
,%calendar-monthNames-8,August,Août,,,八月,八月,,Augustus,August,,,Augusztus,,Agustus,,8月,,Augusts,Rugpjūtis,Sierpień,Agosto,,Август,,Agosto,,Ağustos,Серпень,
,%calendar-monthNames-9,September,Septembre,,,九月,九月,,September,September,,,Szeptember,,September,,9月,,Septembris,Rugsėjis,Wrzesień,Setembro,,Сентябрь,,Septiembre,,Eylül,Вересень,
,%calendar-monthNames-10,October,Octobre,,,十月,十月,,Oktober,Oktoober,,,Október,,Oktober,,10月,,Octobris,Spalis,Październik,Outubro,,Октябрь,,Octubre,,Ekim,Жовтень,
,%calendar-monthNames-11,November,Novembre,,,十一月,十一月,,November,November,,,November,,November,,11月,,Novembris,Lapkritis,Listopad,Novembro,,Ноябрь,,Noviembre,,Kasım,Листопад,
,%calendar-monthNames-12,December,Décembre,,,十二月,十二月,,December,Detsember,,,December,,Desember,,12月,,Decembris,Gruodis,Grudzień,Dezembro,,Декабрь,,Diciembre,,Aralık,Грудень,
,%calendar-currentDay,(Current day),(Jour courrant),,,現在日子,当天,,(Vandaag),(tänane päev),,,(Mai nap),,Hari ini,,（今日）,,(Šodien),(Šiandien),(bieżący dzień),(Hoje),,(Текущий день),,(Hoy),,(Geçerli gün),(Поточний день),
,%calendar-goToLink,"Go to<span class=""wb-invisible""> month of year</span>","Aller au <span class=""wb-invisible""> mois de l\'année</span>",,,,,,,,,,,,,,,,,,,,,,,"Ir a<span class=""wb-invisible""> mes del año</span>",,,,
,%calendar-goToTitle,Go to month of year,Aller au mois de l\'année,,,前往月份,到月份,,Ga naar de maand of het jaar,Mine sellele kuule aastas,,,Ugrás erre a hónapra:,,Pilih bulan dan tahun,,xxxx年xx月へ進む,,Iet uz gada mēnesi,Eiti į mėnesius,Idź do miesiąca w roku:,Ir para o mês do ano,,Перейти к месяцу года,,Ir al mes del año,,Yılın ayına git,Перейти до місяця року,
,%calendar-goToMonth,Month:,Mois :,,,月,月份,,Maand:,Kuu,,,Hónap:,,Bulan,,月：,,Mēnesis:,Mėnesiai:,Miesiąc:,Mês:,,месяц:,,Mes:,,Ay:,Місяц:,
,%calendar-goToYear,Year:,Année :,,,年,年份,,Jaar:,Aasta,,,Év:,,Tahun,,年：,,Gads:,Metai:,Rok:,Ano:,,Год :,,Año:,,Yıl:,Рік:,
,%calendar-goToButton,Go,Aller,,,前往,去,,Ga,Mine,,,Indít,,Pilih,,進む,,Iet uz,Eiti:,Przejdź,Ir,,Перейти,,Ir,,Git,Перейти,
,%calendar-cancelButton,Cancel,Annuler,,,取消,取消,,Annuleer,Tühista,,,Mégsem,,Batal,,取消,,Atcelt,Atšaukti:,Anuluj,Cancelar,,Отменить,,Cancelar,,İptal,Відміна,
,%calendar-previousMonth,Previous Month:,Mois précédent :,,,上一月,上个月,,Vorige maand:,Eelmine kuu,,,Előző hónap:,,Bulan sebelumnya,,前月,,Iepriekšējais mēnesis:,Ankstesnis mėnuo:,Poprzedni miesiąc:,Mês anterior:,,Предыдущий месяц:,,Mes anterior:,,Önceki ay:,Попередній місяць:,
,%calendar-nextMonth,Next Month:,Mois suivant :,,,下一月,下个月,,Volgende maand:,Järgmine kuu,,,Következő hónap:,,Bulan berikutnya,,翌月,,Nākošais mēnesis:,Sekantis mėnuo:,Następny miesiąc:,Próximo mês:,,Следующий месяц:,,Mes siguiente:,,Sonraki ay:,Наступний місяць:,
Slideout,%show-toc,Show,Afficher,,,顯示,展示,,Toon,Näita,,,Mutat,,Tampilkan,,表示,,Rādīt,Rodyti,Pokaż,Exibir,,Показать,,Mostrar,,Göster,Показати,
,%show-image,show.png,afficher.png,,,,,,,,,,,,,,,,,,,,,,,mostrar.png,,,,
,%hide-image,hide.png,cacher.png,,,,,,,,,,,,,,,,,,,,,,,ocultar.png,,,,
,%show-text,Show table of contents,Afficher la table des matières,,,,,,,,,,,,,,,,,,,,,,,Mostrar el índice,,,,
,%hide-text,Hide table of contents,Cacher la table des matières,,,,,,,,,,,,,,,,,,,,,,,Ocultar el índice,,,,
,%table-contents,table of contents,la table des matières,,,目錄,内容表,,inhoudstafel,sisukord,,,tartalomjegyzék,,daftar isi,,目次,,saturs,turinys,spis treści,conteúdo,,оглавление,,índice,,içindekiler,зміст,
Lightbox,%lb-current,Item {current} of {total},Article {current} de {total},,,所有項目{current}的{total},项目{current}的{total},,Item {current} op een totaal van {total},Nimetus {current} {total},,,{total}-ből {current},,Artikel ke-{current} dari {total},,{total} 件中 {current} 件目,,Vienums {current} no {total},Punktas {current} iš {total},Pozycja {current} z {total},Ítem {current} de {total},,Пункт {current} из {total},,Artículo {current} de {total},,{total} de {current} inci madde,Знайдено {current} із {total},
,%lb-next,Next item,Article suivant,,,下一項,下一个项目,,Volgend artikel,Järgmine,,,Következő,,Artikel selanjutnya,,次,,Nākošais vienums,Sekantis:,Następna pozycja,Próximo ítem,,Следующий пункт,,Artículo siguiente,,Bir sonraki madde,Наступний,
,%lb-prev,Previous item,Article précédent,,,上一項,上一个项目,,Vorig artikel,Eelmine,,,Előző,,Artikel sebelumnya,,前,,Iepriekšējais vienums,Ankstesnis,Poprzednia pozycja,Ítem anterior,,Предыдущий пункт,,Artículo previo,,Bir önceki madde,Попередній,
,%lb-xhr-error,This content failed to load.,Le chargement de ce contenu a échoué.,,,本內容無法入載入,该内容无法下载,,De inhoud is niet ingeladen,Laadimine ebaõnnestus,,,A tartalom betöltése nem sikerült.,,Halaman tidak berhasil ditampilkan,,コンテンツをロードできませんでした。,,Šo saturu nevar ielādēt,Turinio nepavyko užkrauti,Nie udało się załadować treści.,O carragemento deste conteúdo falhou.,,Этот контент не удалось загрузить.,,Este contenido no pudo ser cargado.,,İçerik yükleme hatası.,Цей зміст не завантажується.,
,%lb-img-error,This image failed to load.,Le chargement de cette image a échoué.,,,圖形無法顯示,该图像无法下载,,Het beeld is niet ingeladen,Pildi laadimine ebaõnnestus,,,A kép betöltése nem sikerült.,,Gambar ini tidak berhasil ditampilkan,,画像をロードできませんでした。,,Šo attēlu nevar ielādēt,Nuotraukos nepavyko užkrauti,Nie udało się załadować obrazu.,O carregamento desta imagem falhou.,,Это изображение не удалось загрузить.,,Esta imagen no pudo ser cargada.,,İmaj yükleme hatası.,Це зображення не завантажується.,
,%lb-slideshow,slideshow,la diaporama,,,幻燈片,幻灯片,,diavoorstelling,slaidi esitlus,,,Diavetítés,,Pertunjukan slide,,スライドショー,,slaidrāde,skaidrės,Pokaz slajdów,slideshow,,Слайд-шоу,,show de diapositivas,,slaty gösterimi,слайд шоу,
jQuery Mobile,%jqm-expand,click to expand contents,cliquer pour afficher le contenu,,,點擊打開內容,点击打开更多,,klik om de inhoud te tonen,vajuta&#44; et laiendada sisu,,,a megjelenítéshez kattintson ide,,klik untuk memperbesar isi,,コンテンツを表示,,klikšķināt&#44;lai paplašinātu saturu,Išplėsti turinį,kliknij aby rozwinąć spis treści,clicar para ver o conteúdo,,щелкните&#44; чтобы развернуть содержимое,,hacer clic para expandir el cotnenido,,İçeriği göstermek için tıklayınız,для згорнення змісту&#44; натисніть тут,
,%jqm-collapse,click to collapse contents,cliquer pour masquer le contenu,,,點擊隱藏內容,点击收回更多,,klik om de inhoud te verbergen,vajuta&#44; et kitsenada sisu,,,az elrejtéshez kattintson ide,,klik untuk menyembunyikan isi,,コンテンツを非表示,,klikšķināt&#44;lai savērstu saturu,slėpti turinį,kliknij aby zwinąć spis treści,clicar para ocultar o conteúdo,,щелкните&#44; чтобы свернуть содержимое,,hacer clic para colapsar los contenidos,,İçeriği saklamak için tıklayınız,для згорнення змісту&#44; натисніть тут,
,%jqm-clear-search,clear search,effacer le texte,,,搜尋新內容,清除搜索历史,,verwijder de opzoeking,tühista otsing,,,Keresési mező törlése,,Bersihkan pencarian,,検索履歴を削除する,,Dzēst meklēto,Išvalyti paiešką,Wyczyść kryteria wyszukiwania,Apagar o texto da pesquisa,,очистить поиск,,limbiar búsqueda,,aramayı temizle,Очистити від результатва пошуку,
,%jqm-filter,Filter items…,Filtrer des articles...,,,過濾選項,过滤项目,,Filter de artikelen,Filtreeri,,,Szűrés,,Filter artikel,,検索条件を指定する,,Atlasīt vienumu,Filtruoti,Filtruj pozycje,Filtrar os ítens,,Фильтровать…,,filtrar artículos…,,Maddeleri filtrele…,Фільтр,
,%jqm-tbl-col-toggle,Columns...,Colonnes...,,,,,,,,,,,,,,,,,,,,,,,Columnas...,,,,
Charts widget,%table-mention,Table,- Tableau,,,表格,表格,,Tabel,Tabel,,,Táblázat,,Tabel,,表,,Tabula,Lentelė,Tabela,Tabela,,Таблица,,Tabla,,Tablo,Таблиця,
,%table-following,Chart. Details in the following table.,- Graphique. Plus de détails dans le tableau suivant.,,,圖表&#44; 詳細內容在表格中,图表。详细资料表如下。,,Grafiek. Meer details in volgende tabel,Graafik. Andmed tabelis järgmised,,,Részletek a következő táblázatban.,,Infografis. Detail pada tabel berikut.,,チャート。詳細については次の表を参照。,,Grafiks. Detaļas tabulā.,Grafika. Daugiau detalių sekančioje lentelėje.,Wykres. Szczegóły w tabeli poniżej,Gráfico. Mais detalhes na tabela a seguir.,,График. Подробности в таблице ниже.,,Cuadro. Los detalles aparecen en la siguiente tabla.,,Grafik. Detaylar takip eden tablodadır.,Графік. Див. деталі в таблиці.,
Session timeout,%st-timeout-msg,"Your session is about to expire, you have until #expireTime# to activate the ""OK"" button below to extend your session.","Votre session est sur le point d\'expirer, vous avez jusqu\'a #expireTime# pour sélectionnez « OK » ci-dessous pour prolonger votre session.",,,,,,,,,,,,,,,,,,,,,,,"Su sesión está próxima a expirar, tiene hasta #expireTime# para activar el botón ""OK"" y así extender su sesión.",,,,
,%st-msgbox-title,Session timeout warning,Avertissement d\'expiration de la session,,,,,,,,,,,,,,,,,,,,,,,Aviso de finalización de sesión,,,,
,%st-already-timeout-msg,"Sorry your session has already expired. Please login again.","Désolé, votre session a déjà expiré. S\'il vous plaît vous connecter à nouveau.",,,,,,,,,,,,,,,,,,,,,,,"Lamentablemente su sesión ha expirado. Por favor ingrese nuevamente.",,,,
Toggle details,%td-toggle,Toggle all,Basculer tout,,,,,,,,,,,,,,,,,,,,,,,Alternar todo,,,,
,%td-open,Expand all,Afficher tout,,,,,,,,,,,,,,,,,,,,,,,Expandir todo,,,,
,%td-close,Collapse all,Réduire tout,,,,,,,,,,,,,,,,,,,,,,,Colapsar todo,,,,
,%td-ttl-open,Expand all sections of content,Afficher toutes les sections de contenu,,,,,,,,,,,,,,,,,,,,,,,Expandir todas las secciones de contenido,,,,
,%td-ttl-close,Collapse all sections of content,Réduire toutes les sections de contenu,,,,,,,,,,,,,,,,,,,,,,,Colapsar todas las secciones de contenido,,,,
Table enhancement,%sSortAscending,: activate for ascending sort,&#160;: activer pour tri ascendant,,,,,,,,,,,,,,,,,,,,,,,active para ordenación ascendente,,,,
,%sSortDescending,: activate for descending sort,&#160;: activer pour tri descendant,,,,,,,,,,,,,,,,,,,,,,,active para ordenación decendente,,,,
,%sEmptyTable,No data is available in the table,Aucunes données sont disponibles dans la table,,,,,,,,,,,,,,,,,,,,,,,Ningunos datos están disponibles en la tabla,,,,
,%sInfo,Showing _START_ to _END_ of _TOTAL_ entries,Montre _START_ à _END_ de _TOTAL_ entrées,,,,,,,,,,,,,,,,,,,,,,,Mostrar _START_ a _END_ de _TOTAL_ entradas,,,,
,%sInfoEmpty,Showing 0 to 0 of 0 entries,Montre 0 à 0 de 0 entrées,,,,,,,,,,,,,,,,,,,,,,,Mostrar 0 a 0 de 0 entradas,,,,
,%sInfoFiltered,(filtered from _MAX_ total entries),(filtré de _MAX_ entrées totales),,,,,,,,,,,,,,,,,,,,,,,(filtró de _MAX_ entradas totales),,,,
,%sInfoThousands,&#44;,&#160;,,,,,,,,,,,,,,,,,,,,,,,.,,,,
,%sLengthMenu,Show _MENU_ entries,Montrer _MENU_ entrées,,,,,,,,,,,,,,,,,,,,,,,Muestre _MENU_ entradas,,,,
Geomap,%geo-mapcontrol,Map control,Contrôle de la carte,,,,,,,,,,,,,,,,,,,,,,,Control de mapa,,,,
,%geo-panup,Pan up,Déplacer vers le haut,,,,,,,,,,,,,,,,,,,,,,,Desplazar a la cima,,,,
,%geo-pandown,Pan down,Déplacer vers le bas,,,,,,,,,,,,,,,,,,,,,,,Desplazar al fondo,,,,
,%geo-panleft,Pan left,Déplacer vers la gauche,,,,,,,,,,,,,,,,,,,,,,,Desplazar a la izquierda,,,,
,%geo-panright,Pan right,Déplacer vers la droite,,,,,,,,,,,,,,,,,,,,,,,Desplazar a la derecha,,,,
,%geo-zoomin,Zoom in,Zoom avant,,,,,,,,,,,,,,,,,,,,,,,Acercar,,,,
,%geo-zoomout,Zoom out,Zoom arrière,,,,,,,,,,,,,,,,,,,,,,,Alejar,,,,
,%geo-zoomworld,Zoom to map extent,Zoom sur l'étendue de la carte,,,,,,,,,,,,,,,,,,,,,,,Alejar al mapa completo,,,,
,%geo-zoomfeature,Zoom to feature,Zoom à l\'élément,,,,,,,,,,,,,,,,,,,,,,,Alejar al elemento,,,,
,%geo-ariamap,Map object. The descriptions of the map features are in the table below.,Objet de la carte. Les descriptions des caractéristiques de la carte se trouvent dans la table ci-dessous.,,,,,,,,,,,,,,,,,,,,,,,Objeto del mapa. Las descripciones de las características del mapa están en la tabla a continuación.,,,,
,%geo-accessibilize,Keyboard users:</strong> Use the arrow keys to move the map and use plus and minus to zoom.,Utilisateurs de clavier :</strong> Utiliser les touches flèches pour déplacer la carte et utiliser les touches plus et négatif pour faire un zoom.,,,,,,,,,,,,,,,,,,,,,,,Los usuarios de teclado:</strong> Utilice las teclas de flecha para mover el mapa y utilizar el más y menos para ampliar.,,,,
,%geo-togglelayer,Toggle the display of the layer,Basculer l'affichage de la couche,,,,,,,,,,,,,,,,,,,,,,,Cambiar la visualización de la capa,,,,
,%geo-hiddenlayer,This layer is currently hidden!,Cette couche est présentement cachée!,,,,,,,,,,,,,,,,,,,,,,,Esta capa está oculta!,,,,
,%geo-basemapurl,http://geogratis.gc.ca/maps/CBMT,http://geogratis.gc.ca/cartes/CBCT,,,,,,,,,,,,,,,,,,,,,,,,,,,
,%geo-basemaptitle,CBMT,CBCT,,,,,,,,,,,,,,,,,,,,,,,,,,,
Disable/enable PE,%pe-disable,Basic HTML version,Version HTML simplifiée,,,基本HTML版本,基本网页格式,,Versie in basis-HTML,Lihtsustatud HTML versioon,,,Egyszerű HTML verzió,,Versi HTML dasar.,,HTMLベーシック版,,Pamata HTML versija,Pagrindinė HTML versija,Podstawowa wersja HTML,Versão HTML simplificada,,Базовая версия HTML,,Versión HTML básica,,Basit HTML sürümü,Базова версія HTML,
,%pe-enable,Standard version,Version standard,,,標準版本,标准格式,,Standaardversie,Standardversioon,,,Standard verzió,,Versi standar.,,スタンダード版,,Standarta versija,Standartinė versija,Wersja standardowa,Versão padrão,,Стандартная версия,,Versión estándar,,Standart sürüm,Стандартна версія,
Template strings (Generic),%tmpl-skip-main,Skip to main content,Passer au contenu principal,,,,,,,,,,,,,,,,,,,,,,,Saltar al contenido principal,,,,
,%tmpl-skip-sec,Skip to secondary menu,Passer au menu secondaire,,,,,,,,,,,,,,,,,,,,,,,Saltar al menú secundaria,,,,
,%tmpl-skip-foot,Skip to footer,Passer au pied de page,,,,,,Spring naar de pagina-onderkant,otse jalusele,,,,,,,,,,,,,,,,Saltar al pie de página,,,,
,%tmpl-search,Search,Recherche,,,,,,,,,,,,,,,,,,,,,,,Búsqueda,,,,
,%tmpl-search-site,Search website,Recherchez le site Web,,,,搜索网站,,Doorzoek de website,Otsi lehekülge,,,,,,,サイト内検索,,,,Szukaj na stronie,,,,,Buscar en este sitio Web,,,,
,%tmpl-site-menu,Site menu,Menu du site,,,網站地圖,网站导航,,Site menu,Lehekülje menüü,,,Főmenü,,Menu situs,,サイトメニュー,,Lapas izvēlne,Puslapio meniu,Menu strony,Menu da página,,Меню сайта,,Menú del sitio,,Site menüsü,Меню сайту,
,%tmpl-bcrumb,Breadcrumb trail,Fil d'Ariane,,,,,,,,,,,,,,,,,,,,,,,Hilo de Ariadna,,,,
,%tmpl-home,Home,Accueil,,,,,,,,,,,,,,,,,,,,,,,Página de inicio,,,,
,%tmpl-sec-menu,Secondary menu,Menu secondaire,,,第二選單,二级导航,,Secundair menu,Kõrvalmenüü,,,Almenü,,Menu sekunder,,サブメニュー,,sekundārā izvēlne,Antrinis meniu,Menu dodatkowe.,Menu secundário,,Вспомогоательное меню,,Menú secundario,,İkincil menü,Другорядне меню,
,%tmpl-sup-cont,Supplemental content,Contenu supplémentaire,,,,,,,,,,,,,,,,,,,,,,,Contenido suplementario,,,,
,%tmpl-foot,Footer,Pied de page,,,,注脚,,Pagina-onderkant,Jalus,,,,,,,フッター,,,,Stopka,,,,,Pie de página,,,,
,%tmpl-date-mod,Date modified:,Date de modification&#160;:,,,,,,,,,,,,,,,,,,,,,,,Modificado el:,,,,
,%tmpl-version,Version:,Version&#160;:,,,,,,,,,,,,,,,,,,,,,,,Versión:,,,,
Template strings (GC Web Usability theme),%tmpl-gc-navbar,Gobierno de Canadá navigation bar,Barre de navigation du gouvernement du Canada,,,,,,,,,,,,,,,,,,,,,,,Barra de navegación del Gobierno de Canadá,,,,
,%tmpl-gc-sig,Gobierno de Canadá,Gouvernement du Canada,,,,,,,,,,,,,,,,,,,,,,,Gobierno de Canadá,,,,
,%tmpl-gc-wmms,Símbolo del Gobierno de Canadá,Symbole du gouvernement du Canada,,,,,,,,,,,,,,,,,,,,,,,Símbolo del Gobierno de Canadá,,,,
,%tmpl-gc-ca,Canada.gc.ca,Canada.gc.ca,Canada.gc.ca,Canada.gc.ca,Canada.gc.ca,Canada.gc.ca,Canada.gc.ca,Canada.gc.ca,Canada.gc.ca,Canada.gc.ca,Canada.gc.ca,Canada.gc.ca,Canada.gc.ca,Canada.gc.ca,Canada.gc.ca,Canada.gc.ca,Canada.gc.ca,Canada.gc.ca,Canada.gc.ca,Canada.gc.ca,Canada.gc.ca,Canada.gc.ca,Canada.gc.ca,Canada.gc.ca,Canada.gc.ca,Canada.gc.ca,Canada.gc.ca,Canada.gc.ca,Canada.gc.ca
,%tmpl-services,Services,Services,,,,,,,,,,,,,,,,,,,,,,,,,,,
,%tmpl-depts,Departments,Ministères,,,,,,,,,,,,,,,,,,,,,,,,,,,
,%tmpl-priorities,Priorities,Priorités,,,,,,,,,,,,,,,,,,,,,,,Prioridades,,,,
,%tmpl-gc-foot,Government of Canada footer,Pied de page du gouvernement du Canada,,,,,,Onderkant webpagina Canadese Overheid,Kanada valitsuse jalus,,,,,,,カナダ連邦政府フッター,,,,Stopka Rząd Kanady,,,,,Pie de página del Gobierno de Canadá,,,,
,%tmpl-site-foot,Site footer,Pied de page du site,,,,网站注脚,,Website-onderkant,Lehekülje jalus,,,,,,,サイトフッター,,,,Stopka,,,,,Site pie de página,,,,
,%tmpl-terms,Terms and conditions,Avis,,,使用條款,限制性规定,,Gebruiksvoorwaarden,Tingimused ja kokkulepped,,,Felhasználási feltételek,,Syarat dan Ketentuan,,利用規約,,Noteikumi,Terminai ir sąlygos,Warunki korzystania z serwisu.,Termos e Condições,,Условия использования,,Términos y Condiciones,,Koşullar ve Kurallar,Умови та правила,
,%tmpl-transparency,Transparency,Transparence,,,透明度,临时,,Transparantie,Läbipaistvus,,,Átláthatóság,,Transparansi,,透明性,,Atklātība,Skaidrumas,Przejrzystość,Transparência,,Прозрачность,,Transparencia,,Saydamlık,Прозорість,
Filler content (Generic),%tmpl-sub-site-name,Sub-site name,Nom du sous-site,,,,,,,,,,,,,,,,,,,,,,,Nombre de sitio secundario,,,,
,%tmpl-fullwidth-head,Full-width header area,Secteur d'en-tête de plein-largeur,,,,,,,,,,,,,,,,,,,,,,,Area de encabezamiento de lleno-anchura,,,,
,%tmpl-fullwidth-foot,Full-width footer area,Secteur de pied de page de plein-largeur,,,,,,,,,,,,,,,,,,,,,,,Area de pie de página de lleno-anchura,,,,
,%tmpl-section,Section,Section,,,,,,,,,,,,,,,,,,,,,,,Sección,,,,
,%tmpl-item,Item,Article,,,,,,,,,,,,,,,,,,,,,,,Artículo,,,,
,%tmpl-wet,Web Experience Toolkit&#160;(WET),Boîte à outils de l'expérience Web&#160;(BOEW),Web Experience Toolkit,,,,,,,,,,,,,,,,,,,,,,,,,,
,%tmpl-base-theme,Base theme,Thème base,,,,,,,,,,,,,,,,,,,,,,,Tema de base,,,,
,%tmpl-gcwu-theme,GC Web Usability theme,Thème de la facilité d'emploi Web GC,,,,,,,,,,,,,,,,,,,,,,,Tema de facilidad de empleo del Gobierno de Canadá,,,,
,%tmpl-wet-theme,WET theme,Thème de la BOEW,,,,,,,,,,,,,,,,,,,,,,,Tema de WET,,,,
,%tmpl-cont-page,Content page,Page de contenu,,,,,,,,,,,,,,,,,,,,,,,Página de contenido,,,,
,%tmpl-nosearchlang,No search or language selection link,Sans recherche ou lien de sélection de la langue,,,,,,,,,,,,,,,,,,,,,,,Ningún búsqueda ni enlace de selección de idioma,,,,
,%tmpl-nositemenubc,No site menu or breadcrumb trail,Sans menu du site ou fil d'Ariane,,,,,,,,,,,,,,,,,,,,,,,Ningún menú de sitio ni hilo de Ariadna,,,,
,%tmpl-nosearchlangsitemenubc,"No search, language selection link, site menu or breadcrumb trail","Sans recherche, lien de sélection de la langue, menu du site ou fil d'Ariane",,,,,,,,,,,,,,,,,,,,,,,"Ningún búsqueda, enlace de selección de idioma, menú de sitio ni hilo de Ariadna",,,,
,%tmpl-web-application,Web application; Application Web,,,,,,,,,,,,,,,,,,,,,,,Aplicación web,,,,
,%tmpl-site-title,Site title,Titre du site,,,,,,,,,,,,,,,,,,,,,,,Título del sitio,,,,
,%tmpl-sub-site,Sub-site,Sous-site,,,,,,,,,,,,,,,,,,,,,,,Sitio secundario,,,,
,%tmpl-wet-project,WET project,Projet de la BOEW,,,,,,,,,,,,,,,,,,,,,,,Proyecto de WET,,,,
,%tmpl-work-examples,Working examples,Exemples pratiques,,,,,,,,,,,,,,,,,,,,,,,Ejemplos prácticos,,,,
,%tmpl-default-app,default appearance,apparence par défaut,,,,,,,,,,,,,,,,,,,,,,,apariencia predefinida,,,,
,%tmpl-heading,Heading,En-tête,,,,,,,,,,,,,,,,,,,,,,,Título,,,,
,%tmpl-para,Paragraph,Paragraphe,,,,,,,,,,,,,,,,,,,,,,,Párrafo,,,,
,%tmpl-link,Link,Lien,,,,,,,,,,,,,,,,,,,,,,,Enlace,,,,
,%tmpl-third-party,third party,tiers,,,,,,,,,,,,,,,,,,,,,,,externos,,,,
,%tmpl-file-downloads,file downloads based on file type,téléchargements des fichiers fondés sur le type de fichier,,,,,,,,,,,,,,,,,,,,,,,archivar descargas basadas en de tipo archivo,,,,
,%tmpl-abbr,Abbreviation,Abréviation,,,,,,,,,,,,,,,,,,,,,,,Abreviación,,,,
,%tmpl-ul,unordered list,liste à puces,,,,,,,,,,,,,,,,,,,,,,,,,,,
,%tmpl-ol,ordered list,liste ordonnée,,,,,,,,,,,,,,,,,,,,,,,,,,,
,%tmpl-level,level,niveau,,,,,,,,,,,,,,,,,,,,,,,nivel,,,,
,%tmpl-table-caption,Table caption,Légende de table,,,,,,,,,,,,,,,,,,,,,,,Título de tabla,,,,
,%tmpl-table-head,Table header,En-tête de table,,,,,,,,,,,,,,,,,,,,,,,Encabezamiento de tabla,,,,
,%tmpl-table-data,Table data,Données de table,,,,,,,,,,,,,,,,,,,,,,,Datos de tabla,,,,
,%tmpl-form,Form,Formulaire,,,,,,,,,,,,,,,,,,,,,,,Forma,,,,
,%tmpl-option,Option,Option,,,,,,,,,,,,,,,,,,,,,,,Opción,,,,
,%tmpl-and,and,et,,,,,,,,,,,,,,,,,,,,,,,y,,,,
,%tmpl-submit,Submit,Soumettre,,,,,,,,,,,,,,,,,,,,,,,Enviar,,,,
,%tmpl-reset,Reset,Réinitialiser,,,,,,,,,,,,,,,,,,,,,,,Resetear,,,,
,%tmpl-about-us,About us,À propos de nous,,,,,,,,,,,,,,,,,,,,,,,Acerca de nosotros,,,,
,%tmpl-our-mandate,Our mandate,Notre mandat,,,,,,,,,,,,,,,,,,,,,,,Nuestro mandato,,,,
,%tmpl-our-history,Our history,Notre histoire,,,,,,,,,,,,,,,,,,,,,,,Nuestra historia,,,,
,%tmpl-minister,The Minister,Le ministre,,,,,,,,,,,,,,,,,,,,,,,El ministro,,,,
,%tmpl-news,News,Nouvelles,,,,,,,,,,,,,,,,,,,,,,,Noticias,,,,
,%tmpl-news-rel,News releases,Communiqués,,,,,,,,,,,,,,,,,,,,,,,Noticias sueltan,,,,
,%tmpl-media-avisories,Media advisories,Avix aux médias,,,,,,,,,,,,,,,,,,,,,,,Medios consultor,,,,
,%tmpl-multimedia,Multimedia,Multimédia,,,,,,,,,,,,,,,,,,,,,,,Multimedia,,,,
,%tmpl-contact-us,Contact us,Contactez-nous,,,,,,,,,,,,,,,,,,,,,,,Contáctenos,,,,
,%tmpl-phone-nums,Phone numbers,Numéros de téléphone,,,,,,,,,,,,,,,,,,,,,,,Números de teléfono,,,,
,%tmpl-office-loc,Office locations,Nos bureaux,,,,,,,,,,,,,,,,,,,,,,,Oficinas,,,,
,%tmpl-stay-connected,Stay connected,Restez branchés,,,,,,,,,,,,,,,,,,,,,,,Estancia conectó,,,,
,%tmpl-feeds,Feeds,Flux,,,,,,,,,,,,,,,,,,,,,,,Fuentes web,,,,
Filler content (GC Web Usability theme),%tmpl-headlines,Headlines,Nouvelles,,,,,,,,,,,,,,,,,,,,,,,Titulares,,,,
,%tmpl-sample-text,Sample text.,Texte modèle.,,,,,,,,,,,,,,,,,,,,,,,Texto de ejemplo.,,,,
,%tmpl-read-more,Read more,En&#160;plus,,,,,,,,,,,,,,,,,,,,,,,Lea más,,,,
,%tmpl-priority,Priority,Priorité,,,,,,,,,,,,,,,,,,,,,,,Prioridades,,,,
,%tmpl-videos,Videos,Vidéo,,,,,,,,,,,,,,,,,,,,,,,Vídeos,,,,
,%tmpl-sample-player,Sample video player,Exemple d'un lecteur multimédia,,,,,,,,,,,,,,,,,,,,,,,Ejemplo de reproductor de vídeo,,,,
,%tmpl-video-title,Video title,Titre de la vidéo,,,,,,,,,,,,,,,,,,,,,,,Título del vídeo,,,,
,%tmpl-desc-video,Short description of the current video.,Description courte de la vidéo actuelle.,,,,,,,,,,,,,,,,,,,,,,,Descripción corta del vídeo actual.,,,,
,%tmpl-multi-help,Multimedia help,Aide multimédia,,,,,,,,,,,,,,,,,,,,,,,Ayuda multimedia,,,,
,%tmpl-transcripts,Transcripts and Alternative Formats,Formats de transcription et de remplacement,,,,,,,,,,,,,,,,,,,,,,,Formatos de transcripción y la sustitución,,,,
,%tmpl-meet-minister,Meet the Minister,Rencontrer le ministre,,,,,,,,,,,,,,,,,,,,,,,Encuentre al ministro,,,,
,%tmpl-honourable,The Honourable,L'honorable,,,,,,,,,,,,,,,,,,,,,,,El honorable,,,,
,%tmpl-minister-name,minister name,nom du ministre,,,,,,,,,,,,,,,,,,,,,,,nombre del ministro,,,,
,%tmpl-about-minister,About the minister,Le ministre,,,,,,,,,,,,,,,,,,,,,,,Acerca del ministro,,,,
,%tmpl-portfolio,His portfolio,Son portefeuille,,,,,,,,,,,,,,,,,,,,,,,Su cartera,,,,
